{"cameraMode":{"drawMode":0,"name":"Shaded","section":"Shading Mode"},"sceneLighting":true,"audioPlay":false,"sceneViewState":{"showFog":true,"showMaterialUpdate":false,"showSkybox":true,"showFlares":true,"showImageEffects":true,"showParticleSystems":true},"in2DMode":false,"pivot":{"x":-3.792659282684326,"y":0.6999707221984863,"z":-1.0434980392456055},"rotation":{"x":0.17947740852832795,"y":-0.11920875310897827,"z":0.02191423811018467,"w":0.9762722253799439},"size":11.460573196411133,"orthographic":false}